{"01-14-2022": {"ladder": ["Giannis Antetokounmpo", "Nikola Jokic", "Kevin Durant", "Joel Embiid", "DeMar DeRozan", "Stephen Curry", "Ja Morant", "Chris Paul", "LeBron James", "Rudy Gobert"], "stats": "{\"Player\":{\"14\":\"Giannis Antetokounmpo\",\"131\":\"Stephen Curry\",\"139\":\"DeMar DeRozan\",\"161\":\"Kevin Durant\",\"168\":\"Joel Embiid\",\"216\":\"Rudy Gobert\",\"311\":\"LeBron James\",\"333\":\"Nikola Jokic\",\"444\":\"Ja Morant\",\"491\":\"Chris Paul\"},\"games_played\":{\"14\":39,\"131\":42,\"139\":41,\"161\":36,\"168\":34,\"216\":41,\"311\":34,\"333\":39,\"444\":35,\"491\":44},\"team\":{\"14\":\"milwaukee bucks\",\"131\":\"golden state warriors\",\"139\":\"chicago bulls\",\"161\":\"brooklyn nets\",\"168\":\"philadelphia 76ers\",\"216\":\"utah jazz\",\"311\":\"los angeles lakers\",\"333\":\"denver nuggets\",\"444\":\"memphis grizzlies\",\"491\":\"phoenix suns\"},\"PTS\":{\"14\":28.6153846154,\"131\":26.2619047619,\"139\":25.9512195122,\"161\":29.25,\"168\":28.3823529412,\"216\":16.0487804878,\"311\":28.8529411765,\"333\":25.9230769231,\"444\":25.0571428571,\"491\":14.0227272727},\"AST\":{\"14\":6.0256410256,\"131\":6.2142857143,\"139\":4.8048780488,\"161\":5.75,\"168\":4.2058823529,\"216\":1.1219512195,\"311\":6.3823529412,\"333\":7.5384615385,\"444\":6.8857142857,\"491\":10.0},\"STL\":{\"14\":1.0256410256,\"131\":1.4523809524,\"139\":0.7804878049,\"161\":0.7777777778,\"168\":1.0294117647,\"216\":0.7804878049,\"311\":1.5882352941,\"333\":1.3846153846,\"444\":1.2857142857,\"491\":1.9318181818},\"BLK\":{\"14\":1.4871794872,\"131\":0.4761904762,\"139\":0.3658536585,\"161\":0.9444444444,\"168\":1.3823529412,\"216\":2.3170731707,\"311\":1.1176470588,\"333\":0.7948717949,\"444\":0.4,\"491\":0.3409090909},\"FG%\":{\"14\":0.5308641975,\"131\":0.4196217494,\"139\":0.4891443167,\"161\":0.5198902606,\"168\":0.4983974359,\"216\":0.7138461538,\"311\":0.5169014085,\"333\":0.5718432511,\"444\":0.4887556222,\"491\":0.4785276074},\"3P%\":{\"14\":0.2818791946,\"131\":0.3836126629,\"139\":0.3333333333,\"161\":0.3722222222,\"168\":0.3913043478,\"216\":0.0,\"311\":0.3619402985,\"333\":0.3703703704,\"444\":0.3571428571,\"491\":0.320610687},\"TRB\":{\"14\":11.2820512821,\"131\":5.3333333333,\"139\":4.9756097561,\"161\":7.4166666667,\"168\":10.6470588235,\"216\":15.0,\"311\":7.5882352941,\"333\":13.8717948718,\"444\":5.7714285714,\"491\":4.2954545455},\"Tm\":{\"14\":\"MIL\",\"131\":\"GSW\",\"139\":\"CHI\",\"161\":\"BKN\",\"168\":\"PHI\",\"216\":\"UTA\",\"311\":\"LAL\",\"333\":\"DEN\",\"444\":\"MEM\",\"491\":\"PHO\"},\"W\":{\"14\":29,\"131\":33,\"139\":28,\"161\":29,\"168\":26,\"216\":30,\"311\":23,\"333\":23,\"444\":32,\"491\":35},\"W\\/L%\":{\"14\":0.604,\"131\":0.717,\"139\":0.636,\"161\":0.644,\"168\":0.578,\"216\":0.652,\"311\":0.5,\"333\":0.523,\"444\":0.667,\"491\":0.795},\"seed\":{\"14\":\"4\",\"131\":\"2\",\"139\":\"2\",\"161\":\"1\",\"168\":\"6\",\"216\":\"4\",\"311\":\"7\",\"333\":\"6\",\"444\":\"3\",\"491\":\"1\"},\"player_efficiency_rating\":{\"14\":30.9,\"131\":21.9,\"139\":22.7,\"161\":26.2,\"168\":30.9,\"216\":25.7,\"311\":26.8,\"333\":33.0,\"444\":24.8,\"491\":20.5},\"true_shooting_percentage\":{\"14\":0.611,\"131\":0.589,\"139\":0.576,\"161\":0.626,\"168\":0.615,\"216\":0.733,\"311\":0.615,\"333\":0.648,\"444\":0.574,\"491\":0.566},\"three_point_attempt_rate\":{\"14\":0.204,\"131\":0.635,\"139\":0.096,\"161\":0.247,\"168\":0.184,\"216\":0.003,\"311\":0.377,\"333\":0.235,\"444\":0.231,\"491\":0.268},\"free_throw_attempt_rate\":{\"14\":0.576,\"131\":0.242,\"139\":0.407,\"161\":0.35,\"168\":0.587,\"216\":0.868,\"311\":0.279,\"333\":0.3,\"444\":0.328,\"491\":0.26},\"offensive_rebound_percentage\":{\"14\":5.9,\"131\":1.8,\"139\":2.4,\"161\":1.7,\"168\":6.7,\"216\":12.6,\"311\":3.2,\"333\":9.6,\"444\":4.2,\"491\":1.1},\"defensive_rebound_percentage\":{\"14\":29.5,\"131\":14.4,\"139\":13.4,\"161\":19.3,\"168\":28.9,\"216\":36.6,\"311\":18.5,\"333\":36.5,\"444\":14.8,\"491\":12.6},\"total_rebound_percentage\":{\"14\":18.0,\"131\":8.3,\"139\":7.9,\"161\":10.9,\"168\":17.9,\"216\":25.1,\"311\":11.0,\"333\":23.2,\"444\":9.3,\"491\":7.0},\"assist_percentage\":{\"14\":34.5,\"131\":30.5,\"139\":23.5,\"161\":27.4,\"168\":23.9,\"216\":5.1,\"311\":31.3,\"333\":42.5,\"444\":35.7,\"491\":43.2},\"steal_percentage\":{\"14\":1.5,\"131\":2.0,\"139\":1.1,\"161\":1.0,\"168\":1.6,\"216\":1.2,\"311\":2.1,\"333\":2.1,\"444\":1.9,\"491\":2.9},\"block_percentage\":{\"14\":4.5,\"131\":1.3,\"139\":0.9,\"161\":2.3,\"168\":3.8,\"216\":6.1,\"311\":2.8,\"333\":2.2,\"444\":1.1,\"491\":0.9},\"turnover_percentage\":{\"14\":13.0,\"131\":12.8,\"139\":8.8,\"161\":11.3,\"168\":11.4,\"216\":14.5,\"311\":11.9,\"333\":15.0,\"444\":13.1,\"491\":15.2},\"usage_percentage\":{\"14\":35.2,\"131\":31.9,\"139\":31.2,\"161\":31.2,\"168\":35.8,\"216\":17.1,\"311\":31.1,\"333\":31.6,\"444\":31.9,\"491\":19.5},\"offensive_win_shares\":{\"14\":4.8,\"131\":3.1,\"139\":3.8,\"161\":4.4,\"168\":4.1,\"216\":5.0,\"311\":3.7,\"333\":5.6,\"444\":3.0,\"491\":3.8},\"defensive_win_shares\":{\"14\":2.5,\"131\":2.6,\"139\":1.0,\"161\":1.5,\"168\":1.9,\"216\":2.8,\"311\":1.6,\"333\":2.4,\"444\":1.2,\"491\":2.5},\"win_shares\":{\"14\":7.3,\"131\":5.8,\"139\":4.8,\"161\":5.9,\"168\":6.0,\"216\":7.7,\"311\":5.3,\"333\":7.9,\"444\":4.2,\"491\":6.3},\"win_shares_per_48_minutes\":{\"14\":0.273,\"131\":0.19,\"139\":0.163,\"161\":0.215,\"168\":0.256,\"216\":0.28,\"311\":0.204,\"333\":0.295,\"444\":0.176,\"491\":0.214},\"offensive_box_plus_minus\":{\"14\":6.7,\"131\":5.9,\"139\":3.1,\"161\":6.7,\"168\":7.0,\"216\":3.3,\"311\":6.9,\"333\":9.5,\"444\":6.0,\"491\":2.6},\"defensive_box_plus_minus\":{\"14\":3.7,\"131\":0.9,\"139\":-1.0,\"161\":0.7,\"168\":1.9,\"216\":2.0,\"311\":1.3,\"333\":4.7,\"444\":-0.1,\"491\":2.4},\"box_plus_minus\":{\"14\":10.4,\"131\":6.8,\"139\":2.1,\"161\":7.3,\"168\":8.9,\"216\":5.3,\"311\":8.2,\"333\":14.1,\"444\":5.8,\"491\":5.0},\"value_over_replacement_player\":{\"14\":8.4102564103,\"131\":6.2476190476,\"139\":3.0,\"161\":7.0611111111,\"168\":7.2352941176,\"216\":5.0,\"311\":7.7176470588,\"333\":10.9333333333,\"444\":5.3885714286,\"491\":4.6590909091}}"}, "01-21-2022": {"ladder": ["Nikola Jokic", "Giannis Antetokounmpo", "Joel Embiid", "Kevin Durant", "Chris Paul", "Stephen Curry", "DeMar DeRozan", "Ja Morant", "Rudy Gobert", "LeBron James"],