Player,games_played,team,PTS,AST,STL,BLK,FG%,3P%,TRB,Tm,W,W/L%,seed,player_efficiency_rating,true_shooting_percentage,three_point_attempt_rate,free_throw_attempt_rate,offensive_rebound_percentage,defensive_rebound_percentage,total_rebound_percentage,assist_percentage,steal_percentage,block_percentage,turnover_percentage,usage_percentage,offensive_win_shares,defensive_win_shares,win_shares,win_shares_per_48_minutes,offensive_box_plus_minus,defensive_box_plus_minus,box_plus_minus,value_over_replacement_player
Giannis Antetokounmpo,67,milwaukee bucks,29.880597014925375,5.791044776119403,1.0746268656716418,1.3582089552238805,0.5534136546184739,0.29338842975206614,11.611940298507463,MIL,51,0.622,3,32.1,0.633,0.194,0.615,6.6,30.4,18.7,31.7,1.6,4.0,12.2,34.9,9.2,3.7,12.9,0.281,7.6,3.5,11.2,7.4
Joel Embiid,68,philadelphia 76ers,30.573529411764707,4.176470588235294,1.1323529411764706,1.4558823529411764,0.4992503748125937,0.3705179282868526,11.705882352941176,PHI,51,0.622,4,31.2,0.616,0.188,0.602,7.2,31.1,19.4,23.5,1.7,3.9,11.3,37.2,7.9,4.1,12.0,0.252,7.2,2.0,9.2,6.5
Nikola Jokic,74,denver nuggets,27.08108108108108,7.891891891891892,1.472972972972973,0.8513513513513513,0.5827612509534706,0.3368055555555556,13.77027027027027,DEN,48,0.585,6,32.8,0.661,0.22,0.357,9.6,35.5,23.0,42.6,2.2,2.3,15.6,31.9,10.8,4.5,15.2,0.296,9.2,4.5,13.7,9.8
