Player,games_played,team,PTS,AST,STL,BLK,FG%,3P%,TRB,Tm,W,W/L%,seed,player_efficiency_rating,true_shooting_percentage,three_point_attempt_rate,free_throw_attempt_rate,offensive_rebound_percentage,defensive_rebound_percentage,total_rebound_percentage,assist_percentage,steal_percentage,block_percentage,turnover_percentage,usage_percentage,offensive_win_shares,defensive_win_shares,win_shares,win_shares_per_48_minutes,offensive_box_plus_minus,defensive_box_plus_minus,box_plus_minus,value_over_replacement_player
Giannis Antetokounmpo,39,milwaukee bucks,28.615384615384617,6.0256410256410255,1.0256410256410255,1.4871794871794872,0.5308641975308642,0.28187919463087246,11.282051282051283,MIL,29.0,0.604,2.0,30.9,0.611,0.204,0.576,5.9,29.5,18.0,34.5,1.5,4.5,13.0,35.2,4.8,2.5,7.3,0.273,6.7,3.7,10.4,8.410256410256409
Stephen Curry,42,golden state warriors,26.261904761904763,6.214285714285714,1.4523809523809523,0.47619047619047616,0.41962174940898345,0.38361266294227186,5.333333333333333,GSW,33.0,0.717,2.0,21.9,0.589,0.635,0.242,1.8,14.4,8.3,30.5,2.0,1.3,12.8,31.9,3.1,2.6,5.8,0.19,5.9,0.9,6.8,6.2476190476190485
Kevin Durant,36,brooklyn nets,29.25,5.75,0.7777777777777778,0.9444444444444444,0.5198902606310014,0.37222222222222223,7.416666666666667,BKN,29.0,0.644,2.0,26.2,0.626,0.247,0.35,1.7,19.3,10.9,27.4,1.0,2.3,11.3,31.2,4.4,1.5,5.9,0.215,6.7,0.7,7.3,7.061111111111112
Joel Embiid,34,philadelphia 76ers,28.38235294117647,4.205882352941177,1.0294117647058822,1.3823529411764706,0.4983974358974359,0.391304347826087,10.647058823529411,PHI,26.0,0.578,6.5,30.9,0.615,0.184,0.587,6.7,28.9,17.9,23.9,1.6,3.8,11.4,35.8,4.1,1.9,6.0,0.256,7.0,1.9,8.9,7.235294117647059
Nikola Jokic,39,denver nuggets,25.923076923076923,7.538461538461538,1.3846153846153846,0.7948717948717948,0.5718432510885341,0.37037037037037035,13.871794871794872,DEN,23.0,0.523,7.0,33.0,0.648,0.235,0.3,9.6,36.5,23.2,42.5,2.1,2.2,15.0,31.6,5.6,2.4,7.9,0.295,9.5,4.7,14.1,10.933333333333334
